EmployeeID,Name
E001,Allison Hill
E002,Noah Rhodes
E003,Angie Henderson
E004,Daniel Wagner
E005,Cristian Santos
E006,Connie Lawrence
E007,Abigail Shaffer
E008,Gina Moore
E009,Gabrielle Davis
E010,Ryan Munoz
E011,Monica Herrera
E012,Jamie Arnold
E013,Lisa Hensley
E014,Michele Williams
E015,Dylan Miller
E016,Brian Ramirez
E017,Holly Wood
E018,Derek Zuniga
E019,Lisa Jackson
E020,Carla Gray
E021,Margaret Hawkins DDS
E022,Patty Perez
E023,Ethan Adams
E024,Tommy Walter
E025,Matthew Foster
E026,Judy Baker
E027,Justin Baker
E028,Stephanie Ross
E029,Zachary Hicks
E030,Anthony Rodriguez
E031,Rebecca Henderson
E032,James Ferrell
E033,Tricia Valencia
E034,Nathan Maldonado
E035,Debra Davidson
E036,Jeffrey Chavez
E037,Sherri Baker
E038,Cassandra Gaines
E039,Elizabeth Fowler
E040,Brittany Farmer
E041,Paula Moreno
E042,Fred Smith
E043,Sherry Decker
E044,Anthony Humphrey
E045,Angelica Tucker
E046,Philip Cannon
E047,John Pierce
E048,Shane Henderson
E049,Joshua Blair
E050,Eric Carney
